{"tasks":[{"environment":{},"displayName":"Deploy_Clean","alwaysRun":false,"continueOnError":false,"condition":"succeeded()","enabled":true,"timeoutInMinutes":0,"retryCountOnTaskFailure":0,"inputs":{"targetType":"filePath","filePath":"$(Release.DefinitionName)/DI_IRM/Deploy_Clean.ps1","arguments":"-DeploymentArtefactPath \"$(System.ArtifactsDirectory)\\$(Release.DefinitionName)\\DI_IRM\" -DeploymentFolder \"$(DIIRM_WORKINGPATH)\\$(Release.DefinitionName)\" -Verbose","script":"# Write your PowerShell commands here.\n\nWrite-Host \"Hello World\"\n","errorActionPreference":"stop","failOnStderr":"false","showWarnings":"false","ignoreLASTEXITCODE":"false","pwsh":"false","workingDirectory":"","runScriptInSeparateScope":"false"},"task":{"id":"e213ff0f-5d5c-4791-802d-52ea3e7be1f1","versionSpec":"2.*","definitionType":"task"}},{"environment":{},"displayName":"Deploy_PwdImport","alwaysRun":false,"continueOnError":false,"condition":"succeeded()","enabled":true,"timeoutInMinutes":0,"retryCountOnTaskFailure":0,"inputs":{"targetType":"filePath","filePath":"$(Release.DefinitionName)/DI_IRM/Deploy_PwdReplace.ps1","arguments":"-DevPwd '$(DEV_DB_PASSWORD)' -TestPwd '$(TEST_DB_PASSWORD)' -IntPwd '$(INT_DB_PASSWORD)' -ProdPwd '$(PROD_DB_PASSWORD)' -Environment '$(Release.EnvironmentName)' -MasterKey '$(MASTER_KEY)' -AraXMLPath \"$(DIIRM_WORKINGPATH)\\$(Release.DefinitionName)\\DI_IRM\\ARA.xml\" -Verbose","script":"# Write your PowerShell commands here.\n\nWrite-Host \"Hello World\"\n","errorActionPreference":"stop","failOnStderr":"false","showWarnings":"false","ignoreLASTEXITCODE":"false","pwsh":"false","workingDirectory":"","runScriptInSeparateScope":"false"},"task":{"id":"e213ff0f-5d5c-4791-802d-52ea3e7be1f1","versionSpec":"2.*","definitionType":"task"}},{"environment":{},"displayName":"Deploy","alwaysRun":false,"continueOnError":false,"condition":"succeeded()","enabled":true,"timeoutInMinutes":60,"retryCountOnTaskFailure":0,"inputs":{"targetType":"inline","filePath":"$(DIIRM_WORKINGPATH)\\$(Release.DefinitionName)\\DI_IRM\\Deploy.ps1","arguments":"-Environment '$(Release.EnvironmentName)' -DeploymentArtefactPath \"$(DIIRM_WORKINGPATH)\\$(Release.DefinitionName)\\DI_IRM\" -DeploymentHelperPath \"$(DIIRM_WORKINGPATH)\\$(Release.DefinitionName)\\DI_IRM\\DeploymentHelper\\DeploymentHelper.psm1\" -Verbose","script":"\n# Write your PowerShell commands here.\n\n$VerbosePreference = 'Continue'\n\nswitch ('$(Release.EnvironmentName)')\n{\n    'DEV' {\n        try{\n            C:\\Data\\scripts\\psexec.exe \\\\localhost -u $(DEV_USER) -p $(DEV_PASSWORD) -w $(DIIRM_WORKINGPATH) powershell -command \"&{$(DIIRM_WORKINGPATH)\\$(Release.DefinitionName)\\DI_IRM\\Deploy.ps1 -Environment '$(Release.EnvironmentName)' -DeploymentArtefactPath \"$(DIIRM_WORKINGPATH)\\$(Release.DefinitionName)\\DI_IRM\" -DeploymentHelperPath \"$(DIIRM_WORKINGPATH)\\$(Release.DefinitionName)\\DI_IRM\\DeploymentHelper\\DeploymentHelper.psm1\" -Verbose; exit $GLOBAL:LASTEXITCODE}\" -Verbose\n        }\n        catch\n        {\n            Write-Host \"Please check the Log files for detailed error\"\n            exit(1)\n        }\n    }\n    'Test' {\n        try{\n            C:\\Data\\scripts\\psexec.exe \\\\localhost -u $(TEST_USER) -p $(TEST_PASSWORD) -w $(DIIRM_WORKINGPATH) powershell -command \"&{$(DIIRM_WORKINGPATH)\\$(Release.DefinitionName)\\DI_IRM\\Deploy.ps1 -Environment '$(Release.EnvironmentName)' -DeploymentArtefactPath \"$(DIIRM_WORKINGPATH)\\$(Release.DefinitionName)\\DI_IRM\" -DeploymentHelperPath \"$(DIIRM_WORKINGPATH)\\$(Release.DefinitionName)\\DI_IRM\\DeploymentHelper\\DeploymentHelper.psm1\" -Verbose; exit $GLOBAL:LASTEXITCODE}\" -Verbose\n        }\n        catch\n        {\n            Write-Host \"Please check the Log files for detailed error\"\n            exit(1)\n        }\n    }\n    'INT' {\n        try{\n            C:\\Data\\scripts\\psexec.exe \\\\localhost -u $(INT_USER) -p $(INT_PASSWORD) -w $(DIIRM_WORKINGPATH) powershell -command \"&{$(DIIRM_WORKINGPATH)\\$(Release.DefinitionName)\\DI_IRM\\Deploy.ps1 -Environment '$(Release.EnvironmentName)' -DeploymentArtefactPath \"$(DIIRM_WORKINGPATH)\\$(Release.DefinitionName)\\DI_IRM\" -DeploymentHelperPath \"$(DIIRM_WORKINGPATH)\\$(Release.DefinitionName)\\DI_IRM\\DeploymentHelper\\DeploymentHelper.psm1\" -Verbose; exit $GLOBAL:LASTEXITCODE}\" -Verbose\n        }\n        catch\n        {\n            Write-Host \"Please check the Log files for detailed error\"\n            exit(1)\n        }\n    }\n    'PROD' {\n        try{\n            C:\\Data\\scripts\\psexec.exe \\\\localhost -u $(PROD_USER) -p $(PROD_PASSWORD) -w $(DIIRM_WORKINGPATH) powershell -command \"&{$(DIIRM_WORKINGPATH)\\$(Release.DefinitionName)\\DI_IRM\\Deploy.ps1 -Environment '$(Release.EnvironmentName)' -DeploymentArtefactPath \"$(DIIRM_WORKINGPATH)\\$(Release.DefinitionName)\\DI_IRM\" -DeploymentHelperPath \"$(DIIRM_WORKINGPATH)\\$(Release.DefinitionName)\\DI_IRM\\DeploymentHelper\\DeploymentHelper.psm1\" -Verbose; exit $GLOBAL:LASTEXITCODE}\" -Verbose\n        }\n        catch\n        {\n            Write-Host \"Please check the Log files for detailed error\"\n            exit(1)\n        }\n    }\n}","errorActionPreference":"stop","failOnStderr":"false","showWarnings":"false","ignoreLASTEXITCODE":"false","pwsh":"false","workingDirectory":"","runScriptInSeparateScope":"false"},"task":{"id":"e213ff0f-5d5c-4791-802d-52ea3e7be1f1","versionSpec":"2.*","definitionType":"task"}},{"environment":{},"displayName":"Copy Files to: \\\\fxx0004\\devdata\\AOHandover\\ARA\\DI_IRM","alwaysRun":false,"continueOnError":false,"condition":"always()","enabled":true,"timeoutInMinutes":0,"retryCountOnTaskFailure":0,"inputs":{"SourceFolder":"$(DIIRM_WORKINGPATH)\\$(Release.DefinitionName)\\DI_IRM\\Log","Contents":"**","TargetFolder":"\\\\fxx0004\\devdata\\AOHandover\\ARA\\DI_IRM\\$(Release.EnvironmentName)\\$(Release.DeploymentID)-$(Build.BuildId)\\$(Agent.MachineName)","CleanTargetFolder":"false","OverWrite":"false","flattenFolders":"false","preserveTimestamp":"false","retryCount":"0","ignoreMakeDirErrors":"false"},"task":{"id":"5bfb729a-a7c8-4a78-a7c3-8d717bb7c13c","versionSpec":"2.*","definitionType":"task"}}],"runsOn":["Agent","DeploymentGroup"],"revision":41,"createdBy":{"displayName":"Uday Kumar Bandaru","id":"8449dacf-7eeb-677a-9046-35e94d190c5f","uniqueName":"UBandaru@MunichRe.com"},"createdOn":"2021-07-14T08:47:35.850Z","modifiedBy":{"displayName":"Uday Kumar Bandaru","id":"8449dacf-7eeb-677a-9046-35e94d190c5f","uniqueName":"UBandaru@MunichRe.com"},"modifiedOn":"2021-07-28T12:23:55.403Z","comment":"","id":"4edcfcaa-a002-4595-82b9-20c316a61555","name":"DI_IRM_ARA_Devops_Migration","version":{"major":1,"minor":0,"patch":0,"isTest":false},"iconUrl":"https://cdn.vsassets.io/v/M148_20190315.2/_content/icon-meta-task.png","friendlyName":"DI_IRM_ARA_Devops_Migration","description":"","category":"Deploy","definitionType":"metaTask","author":"Steffen Kampmann","demands":[],"groups":[],"inputs":[{"aliases":[],"options":{},"properties":{},"name":"DEV_DB_PASSWORD","label":"DEV_DB_PASSWORD","defaultValue":"","required":true,"type":"string","helpMarkDown":"","groupName":""},{"aliases":[],"options":{},"properties":{},"name":"DEV_PASSWORD","label":"DEV_PASSWORD","defaultValue":"","required":true,"type":"string","helpMarkDown":"","groupName":""},{"aliases":[],"options":{},"properties":{},"name":"DEV_USER","label":"DEV_USER","defaultValue":"","required":true,"type":"string","helpMarkDown":"","groupName":""},{"aliases":[],"options":{},"properties":{},"name":"DIIRM_WORKINGPATH","label":"DIIRM_WORKINGPATH","defaultValue":"","required":true,"type":"string","helpMarkDown":"","groupName":""},{"aliases":[],"options":{},"properties":{},"name":"INT_DB_PASSWORD","label":"INT_DB_PASSWORD","defaultValue":"","required":true,"type":"string","helpMarkDown":"","groupName":""},{"aliases":[],"options":{},"properties":{},"name":"INT_PASSWORD","label":"INT_PASSWORD","defaultValue":"","required":true,"type":"string","helpMarkDown":"","groupName":""},{"aliases":[],"options":{},"properties":{},"name":"INT_USER","label":"INT_USER","defaultValue":"","required":true,"type":"string","helpMarkDown":"","groupName":""},{"aliases":[],"options":{},"properties":{},"name":"MASTER_KEY","label":"MASTER_KEY","defaultValue":"","required":true,"type":"string","helpMarkDown":"","groupName":""},{"aliases":[],"options":{},"properties":{},"name":"PROD_DB_PASSWORD","label":"PROD_DB_PASSWORD","defaultValue":"","required":true,"type":"string","helpMarkDown":"","groupName":""},{"aliases":[],"options":{},"properties":{},"name":"PROD_PASSWORD","label":"PROD_PASSWORD","defaultValue":"","required":true,"type":"string","helpMarkDown":"","groupName":""},{"aliases":[],"options":{},"properties":{},"name":"PROD_USER","label":"PROD_USER","defaultValue":"","required":true,"type":"string","helpMarkDown":"","groupName":""},{"aliases":[],"options":{},"properties":{},"name":"TEST_DB_PASSWORD","label":"TEST_DB_PASSWORD","defaultValue":"","required":true,"type":"string","helpMarkDown":"","groupName":""},{"aliases":[],"options":{},"properties":{},"name":"TEST_PASSWORD","label":"TEST_PASSWORD","defaultValue":"","required":true,"type":"string","helpMarkDown":"","groupName":""},{"aliases":[],"options":{},"properties":{},"name":"TEST_USER","label":"TEST_USER","defaultValue":"","required":true,"type":"string","helpMarkDown":"","groupName":""}],"satisfies":[],"sourceDefinitions":[],"dataSourceBindings":[],"instanceNameFormat":"Task group: DI_IRM_ARA_Devops_Migration $(DEV_DB_PASSWORD)","preJobExecution":{},"execution":{},"postJobExecution":{}}