{"source":2,"revision":28,"description":null,"createdBy":{"displayName":"Uday Kumar Bandaru","url":"https://spsprodweu1.vssps.visualstudio.com/Aaee7b508-0493-43f7-b33f-d4a3dd6e9684/_apis/Identities/8449dacf-7eeb-677a-9046-35e94d190c5f","_links":{"avatar":{"href":"https://apps-munichre.visualstudio.com/_apis/GraphProfile/MemberAvatars/aad.ODQ0OWRhY2YtN2VlYi03NzdhLTkwNDYtMzVlOTRkMTkwYzVm"}},"id":"8449dacf-7eeb-677a-9046-35e94d190c5f","uniqueName":"UBandaru@MunichRe.com","imageUrl":"https://apps-munichre.visualstudio.com/_apis/GraphProfile/MemberAvatars/aad.ODQ0OWRhY2YtN2VlYi03NzdhLTkwNDYtMzVlOTRkMTkwYzVm","descriptor":"aad.ODQ0OWRhY2YtN2VlYi03NzdhLTkwNDYtMzVlOTRkMTkwYzVm"},"createdOn":"2021-06-29T08:03:10.120Z","modifiedBy":{"displayName":"Thi Minh Thu Nguyen","url":"https://spsprodweu1.vssps.visualstudio.com/Aaee7b508-0493-43f7-b33f-d4a3dd6e9684/_apis/Identities/a8ff9a10-df9e-42ff-8231-b60819c2bacb","_links":{"avatar":{"href":"https://apps-munichre.visualstudio.com/_apis/GraphProfile/MemberAvatars/aad.M2Y1MTQ4ZWQtYWQ1NC03ZmRmLWEzZjMtY2MwMTJkNmM3MTY0"}},"id":"a8ff9a10-df9e-42ff-8231-b60819c2bacb","uniqueName":"tnguyen@munichre.com","imageUrl":"https://apps-munichre.visualstudio.com/_apis/GraphProfile/MemberAvatars/aad.M2Y1MTQ4ZWQtYWQ1NC03ZmRmLWEzZjMtY2MwMTJkNmM3MTY0","descriptor":"aad.M2Y1MTQ4ZWQtYWQ1NC03ZmRmLWEzZjMtY2MwMTJkNmM3MTY0"},"modifiedOn":"2022-08-04T09:35:07.753Z","isDeleted":false,"lastRelease":{"id":8276,"name":"DI_IRM_CreditRisk-Devops-45","artifacts":[],"_links":{},"description":"Triggered by DI_IRM_CreditRisk-Devops 948064.","releaseDefinition":{"id":24,"projectReference":null,"_links":{}},"createdOn":"2022-11-30T10:57:01.437Z","createdBy":{"displayName":"vverma","url":"https://spsprodweu1.vssps.visualstudio.com/Aaee7b508-0493-43f7-b33f-d4a3dd6e9684/_apis/Identities/31997bed-3dc4-4e02-b9e2-704728f8bd53","_links":{"avatar":{"href":"https://apps-munichre.visualstudio.com/_apis/GraphProfile/MemberAvatars/aad.YjhjYjFjMjEtMDNlNi03OGQwLWJhZGUtMzEwY2VhMmU3MjY2"}},"id":"31997bed-3dc4-4e02-b9e2-704728f8bd53","uniqueName":"vverma@munichre.com","imageUrl":"https://apps-munichre.visualstudio.com/_apis/GraphProfile/MemberAvatars/aad.YjhjYjFjMjEtMDNlNi03OGQwLWJhZGUtMzEwY2VhMmU3MjY2","descriptor":"aad.YjhjYjFjMjEtMDNlNi03OGQwLWJhZGUtMzEwY2VhMmU3MjY2"}},"variables":{"VERSIONNUMBER":{"value":""}},"variableGroups":[28,1166],"environments":[{"id":87,"name":"DEV","rank":1,"owner":{"displayName":"Uday Kumar Bandaru","url":"https://spsprodweu1.vssps.visualstudio.com/Aaee7b508-0493-43f7-b33f-d4a3dd6e9684/_apis/Identities/8449dacf-7eeb-677a-9046-35e94d190c5f","_links":{"avatar":{"href":"https://apps-munichre.visualstudio.com/_apis/GraphProfile/MemberAvatars/aad.ODQ0OWRhY2YtN2VlYi03NzdhLTkwNDYtMzVlOTRkMTkwYzVm"}},"id":"8449dacf-7eeb-677a-9046-35e94d190c5f","uniqueName":"UBandaru@MunichRe.com","imageUrl":"https://apps-munichre.visualstudio.com/_apis/GraphProfile/MemberAvatars/aad.ODQ0OWRhY2YtN2VlYi03NzdhLTkwNDYtMzVlOTRkMTkwYzVm","descriptor":"aad.ODQ0OWRhY2YtN2VlYi03NzdhLTkwNDYtMzVlOTRkMTkwYzVm"},"variables":{},"variableGroups":[],"preDeployApprovals":{"approvals":[{"rank":1,"isAutomated":true,"isNotificationOn":false,"id":581}],"approvalOptions":{"requiredApproverCount":null,"releaseCreatorCanBeApprover":false,"autoTriggeredAndPreviousEnvironmentApprovedCanBeSkipped":false,"enforceIdentityRevalidation":false,"timeoutInMinutes":0,"executionOrder":1}},"deployStep":{"id":582},"postDeployApprovals":{"approvals":[{"rank":1,"isAutomated":true,"isNotificationOn":false,"id":587}],"approvalOptions":{"requiredApproverCount":null,"releaseCreatorCanBeApprover":false,"autoTriggeredAndPreviousEnvironmentApprovedCanBeSkipped":false,"enforceIdentityRevalidation":false,"timeoutInMinutes":0,"executionOrder":2}},"deployPhases":[{"deploymentInput":{"parallelExecution":{"parallelExecutionType":0},"agentSpecification":null,"skipArtifactsDownload":false,"artifactsDownloadInput":{"downloadInputs":[]},"queueId":2385,"demands":[],"enableAccessToken":false,"timeoutInMinutes":0,"jobCancelTimeoutInMinutes":1,"condition":"succeeded()","overrideInputs":{}},"rank":1,"phaseType":1,"name":"Agent job","refName":null,"workflowTasks":[{"environment":{},"taskId":"4edcfcaa-a002-4595-82b9-20c316a61555","version":"1.*","name":"Task group: DI_IRM_ARA_Devops_Migration","refName":"","enabled":true,"alwaysRun":true,"continueOnError":true,"timeoutInMinutes":0,"retryCountOnTaskFailure":0,"definitionType":"metaTask","overrideInputs":{},"condition":"succeededOrFailed()","inputs":{"DEV_DB_PASSWORD":"$(DEV_DB_PASSWORD)","DEV_PASSWORD":"$(DEV_PASSWORD)","DEV_USER":"$(DEV_USER)","DIIRM_WORKINGPATH":"$(DIIRM_WORKINGPATH)","INT_DB_PASSWORD":"$(INT_DB_PASSWORD)","INT_PASSWORD":"$(INT_PASSWORD)","INT_USER":"$(INT_USER)","MASTER_KEY":"$(MASTER_KEY)","PROD_DB_PASSWORD":"$(PROD_DB_PASSWORD)","PROD_PASSWORD":"$(PROD_PASSWORD)","PROD_USER":"$(PROD_USER)","TEST_DB_PASSWORD":"$(TEST_DB_PASSWORD)","TEST_PASSWORD":"$(TEST_PASSWORD)","TEST_USER":"$(TEST_USER)"}}]}],"environmentOptions":{"emailNotificationType":"OnlyOnFailure","emailRecipients":"release.environment.owner;release.creator","skipArtifactsDownload":false,"timeoutInMinutes":0,"enableAccessToken":false,"publishDeploymentStatus":true,"badgeEnabled":false,"autoLinkWorkItems":false,"pullRequestDeploymentEnabled":false},"demands":[],"conditions":[],"executionPolicy":{"concurrencyCount":1,"queueDepthCount":0},"schedules":[],"currentRelease":{"id":8036,"url":"https://apps-munichre.vsrm.visualstudio.com/c9c6c034-1e3d-4e1c-85a2-92f55a6b2950/_apis/Release/releases/8036","_links":{}},"retentionPolicy":{"daysToKeep":30,"releasesToKeep":3,"retainBuild":true},"processParameters":{},"properties":{"LinkBoardsWorkItems":{"$type":"System.String","$value":"False"}},"preDeploymentGates":{"id":0,"gatesOptions":null,"gates":[]},"postDeploymentGates":{"id":0,"gatesOptions":null,"gates":[]},"environmentTriggers":[],"badgeUrl":"https://apps-munichre.vsrm.visualstudio.com/_apis/public/Release/badge/c9c6c034-1e3d-4e1c-85a2-92f55a6b2950/24/87"},{"id":88,"name":"TEST","rank":2,"owner":{"displayName":"Uday Kumar Bandaru","url":"https://spsprodweu1.vssps.visualstudio.com/Aaee7b508-0493-43f7-b33f-d4a3dd6e9684/_apis/Identities/8449dacf-7eeb-677a-9046-35e94d190c5f","_links":{"avatar":{"href":"https://apps-munichre.visualstudio.com/_apis/GraphProfile/MemberAvatars/aad.ODQ0OWRhY2YtN2VlYi03NzdhLTkwNDYtMzVlOTRkMTkwYzVm"}},"id":"8449dacf-7eeb-677a-9046-35e94d190c5f","uniqueName":"UBandaru@MunichRe.com","imageUrl":"https://apps-munichre.visualstudio.com/_apis/GraphProfile/MemberAvatars/aad.ODQ0OWRhY2YtN2VlYi03NzdhLTkwNDYtMzVlOTRkMTkwYzVm","descriptor":"aad.ODQ0OWRhY2YtN2VlYi03NzdhLTkwNDYtMzVlOTRkMTkwYzVm"},"variables":{},"variableGroups":[],"preDeployApprovals":{"approvals":[{"rank":1,"isAutomated":false,"isNotificationOn":false,"approver":{"displayName":"RRajagopal","url":"https://spsprodweu1.vssps.visualstudio.com/Aaee7b508-0493-43f7-b33f-d4a3dd6e9684/_apis/Identities/66af0075-bde6-6b42-984c-7abf2f7795f2","_links":{"avatar":{"href":"https://apps-munichre.visualstudio.com/_apis/GraphProfile/MemberAvatars/aad.NjZhZjAwNzUtYmRlNi03YjQyLTk4NGMtN2FiZjJmNzc5NWYy"}},"id":"66af0075-bde6-6b42-984c-7abf2f7795f2","uniqueName":"RRajagopal@munichre.com","imageUrl":"https://apps-munichre.visualstudio.com/_apis/GraphProfile/MemberAvatars/aad.NjZhZjAwNzUtYmRlNi03YjQyLTk4NGMtN2FiZjJmNzc5NWYy","descriptor":"aad.NjZhZjAwNzUtYmRlNi03YjQyLTk4NGMtN2FiZjJmNzc5NWYy"},"id":573},{"rank":1,"isAutomated":false,"isNotificationOn":false,"approver":{"displayName":"Wolfertstetter Stefan - Munich-MR","url":"https://spsprodweu1.vssps.visualstudio.com/Aaee7b508-0493-43f7-b33f-d4a3dd6e9684/_apis/Identities/eac4848a-44ab-4804-b709-82da45bca97a","_links":{"avatar":{"href":"https://apps-munichre.visualstudio.com/_apis/GraphProfile/MemberAvatars/aad.MWZmZGVmMmMtOGIxYi03ZDhmLTgwNmItZTQ3OTgzZGY3ZmFi"}},"id":"eac4848a-44ab-4804-b709-82da45bca97a","uniqueName":"SWolfertstetter@munichre.com","imageUrl":"https://apps-munichre.visualstudio.com/_apis/GraphProfile/MemberAvatars/aad.MWZmZGVmMmMtOGIxYi03ZDhmLTgwNmItZTQ3OTgzZGY3ZmFi","descriptor":"aad.MWZmZGVmMmMtOGIxYi03ZDhmLTgwNmItZTQ3OTgzZGY3ZmFi"},"id":574},{"rank":1,"isAutomated":false,"isNotificationOn":false,"approver":{"displayName":"Uday Kumar Bandaru","url":"https://spsprodweu1.vssps.visualstudio.com/Aaee7b508-0493-43f7-b33f-d4a3dd6e9684/_apis/Identities/8449dacf-7eeb-677a-9046-35e94d190c5f","_links":{"avatar":{"href":"https://apps-munichre.visualstudio.com/_apis/GraphProfile/MemberAvatars/aad.ODQ0OWRhY2YtN2VlYi03NzdhLTkwNDYtMzVlOTRkMTkwYzVm"}},"id":"8449dacf-7eeb-677a-9046-35e94d190c5f","uniqueName":"UBandaru@MunichRe.com","imageUrl":"https://apps-munichre.visualstudio.com/_apis/GraphProfile/MemberAvatars/aad.ODQ0OWRhY2YtN2VlYi03NzdhLTkwNDYtMzVlOTRkMTkwYzVm","descriptor":"aad.ODQ0OWRhY2YtN2VlYi03NzdhLTkwNDYtMzVlOTRkMTkwYzVm"},"id":575},{"rank":1,"isAutomated":false,"isNotificationOn":false,"approver":{"displayName":"Parichay Bagepalli","url":"https://spsprodweu1.vssps.visualstudio.com/Aaee7b508-0493-43f7-b33f-d4a3dd6e9684/_apis/Identities/750a6979-c09f-6fd7-84d0-305b2303df59","_links":{"avatar":{"href":"https://apps-munichre.visualstudio.com/_apis/GraphProfile/MemberAvatars/aad.NzUwYTY5NzktYzA5Zi03ZmQ3LTg0ZDAtMzA1YjIzMDNkZjU5"}},"id":"750a6979-c09f-6fd7-84d0-305b2303df59","uniqueName":"pbagepalli@munichre.com","imageUrl":"https://apps-munichre.visualstudio.com/_apis/GraphProfile/MemberAvatars/aad.NzUwYTY5NzktYzA5Zi03ZmQ3LTg0ZDAtMzA1YjIzMDNkZjU5","descriptor":"aad.NzUwYTY5NzktYzA5Zi03ZmQ3LTg0ZDAtMzA1YjIzMDNkZjU5"},"id":595}],"approvalOptions":{"requiredApproverCount":1,"releaseCreatorCanBeApprover":true,"autoTriggeredAndPreviousEnvironmentApprovedCanBeSkipped":false,"enforceIdentityRevalidation":false,"timeoutInMinutes":4320,"executionOrder":1}},"deployStep":{"id":584},"postDeployApprovals":{"approvals":[{"rank":1,"isAutomated":true,"isNotificationOn":false,"id":585}],"approvalOptions":{"requiredApproverCount":0,"releaseCreatorCanBeApprover":true,"autoTriggeredAndPreviousEnvironmentApprovedCanBeSkipped":false,"enforceIdentityRevalidation":false,"timeoutInMinutes":0,"executionOrder":2}},"deployPhases":[{"deploymentInput":{"parallelExecution":{"parallelExecutionType":0},"agentSpecification":null,"skipArtifactsDownload":false,"artifactsDownloadInput":{"downloadInputs":[]},"queueId":2385,"demands":[],"enableAccessToken":false,"timeoutInMinutes":0,"jobCancelTimeoutInMinutes":1,"condition":"succeeded()","overrideInputs":{}},"rank":1,"phaseType":1,"name":"Agent phase","refName":null,"workflowTasks":[{"environment":{},"taskId":"4edcfcaa-a002-4595-82b9-20c316a61555","version":"1.*","name":"Task group: DI_IRM_ARA_Devops_Migration $(DEV_DB_PASSWORD)","refName":"","enabled":true,"alwaysRun":true,"continueOnError":true,"timeoutInMinutes":0,"retryCountOnTaskFailure":0,"definitionType":"metaTask","overrideInputs":{},"condition":"succeededOrFailed()","inputs":{"DEV_DB_PASSWORD":"$(DEV_DB_PASSWORD)","DEV_PASSWORD":"$(DEV_PASSWORD)","DEV_USER":"$(DEV_USER)","DIIRM_WORKINGPATH":"$(DIIRM_WORKINGPATH)","INT_DB_PASSWORD":"$(INT_DB_PASSWORD)","INT_PASSWORD":"$(INT_PASSWORD)","INT_USER":"$(INT_USER)","MASTER_KEY":"$(MASTER_KEY)","PROD_DB_PASSWORD":"$(PROD_DB_PASSWORD)","PROD_PASSWORD":"$(PROD_PASSWORD)","PROD_USER":"$(PROD_USER)","TEST_DB_PASSWORD":"$(TEST_DB_PASSWORD)","TEST_PASSWORD":"$(TEST_PASSWORD)","TEST_USER":"$(TEST_USER)"}}]}],"environmentOptions":{"emailNotificationType":"OnlyOnFailure","emailRecipients":"release.environment.owner;release.creator","skipArtifactsDownload":false,"timeoutInMinutes":0,"enableAccessToken":false,"publishDeploymentStatus":true,"badgeEnabled":false,"autoLinkWorkItems":false,"pullRequestDeploymentEnabled":false},"demands":[],"conditions":[{"name":"ReleaseStarted","conditionType":1,"value":""}],"executionPolicy":{"concurrencyCount":1,"queueDepthCount":0},"schedules":[],"currentRelease":{"id":8273,"url":"https://apps-munichre.vsrm.visualstudio.com/c9c6c034-1e3d-4e1c-85a2-92f55a6b2950/_apis/Release/releases/8273","_links":{}},"retentionPolicy":{"daysToKeep":30,"releasesToKeep":3,"retainBuild":true},"processParameters":{},"properties":{"LinkBoardsWorkItems":{"$type":"System.String","$value":"False"}},"preDeploymentGates":{"id":0,"gatesOptions":null,"gates":[]},"postDeploymentGates":{"id":0,"gatesOptions":null,"gates":[]},"environmentTriggers":[],"badgeUrl":"https://apps-munichre.vsrm.visualstudio.com/_apis/public/Release/badge/c9c6c034-1e3d-4e1c-85a2-92f55a6b2950/24/88"},{"id":89,"name":"INT","rank":3,"owner":{"displayName":"Uday Kumar Bandaru","url":"https://spsprodweu1.vssps.visualstudio.com/Aaee7b508-0493-43f7-b33f-d4a3dd6e9684/_apis/Identities/8449dacf-7eeb-677a-9046-35e94d190c5f","_links":{"avatar":{"href":"https://apps-munichre.visualstudio.com/_apis/GraphProfile/MemberAvatars/aad.ODQ0OWRhY2YtN2VlYi03NzdhLTkwNDYtMzVlOTRkMTkwYzVm"}},"id":"8449dacf-7eeb-677a-9046-35e94d190c5f","uniqueName":"UBandaru@MunichRe.com","imageUrl":"https://apps-munichre.visualstudio.com/_apis/GraphProfile/MemberAvatars/aad.ODQ0OWRhY2YtN2VlYi03NzdhLTkwNDYtMzVlOTRkMTkwYzVm","descriptor":"aad.ODQ0OWRhY2YtN2VlYi03NzdhLTkwNDYtMzVlOTRkMTkwYzVm"},"variables":{},"variableGroups":[],"preDeployApprovals":{"approvals":[{"rank":1,"isAutomated":false,"isNotificationOn":false,"approver":{"displayName":"Gerald Stüdl","url":"https://spsprodweu1.vssps.visualstudio.com/Aaee7b508-0493-43f7-b33f-d4a3dd6e9684/_apis/Identities/8c3af83a-889d-4c84-bccf-2fd3616e57d3","_links":{"avatar":{"href":"https://apps-munichre.visualstudio.com/_apis/GraphProfile/MemberAvatars/aad.MzFmODczODctOTc3Zi03M2M0LThkN2YtNjYwZDU2MDgxYzBh"}},"id":"8c3af83a-889d-4c84-bccf-2fd3616e57d3","uniqueName":"GStuedl@munichre.com","imageUrl":"https://apps-munichre.visualstudio.com/_apis/GraphProfile/MemberAvatars/aad.MzFmODczODctOTc3Zi03M2M0LThkN2YtNjYwZDU2MDgxYzBh","descriptor":"aad.MzFmODczODctOTc3Zi03M2M0LThkN2YtNjYwZDU2MDgxYzBh"},"id":578},{"rank":1,"isAutomated":false,"isNotificationOn":false,"approver":{"displayName":"Wolfertstetter Stefan - Munich-MR","url":"https://spsprodweu1.vssps.visualstudio.com/Aaee7b508-0493-43f7-b33f-d4a3dd6e9684/_apis/Identities/eac4848a-44ab-4804-b709-82da45bca97a","_links":{"avatar":{"href":"https://apps-munichre.visualstudio.com/_apis/GraphProfile/MemberAvatars/aad.MWZmZGVmMmMtOGIxYi03ZDhmLTgwNmItZTQ3OTgzZGY3ZmFi"}},"id":"eac4848a-44ab-4804-b709-82da45bca97a","uniqueName":"SWolfertstetter@munichre.com","imageUrl":"https://apps-munichre.visualstudio.com/_apis/GraphProfile/MemberAvatars/aad.MWZmZGVmMmMtOGIxYi03ZDhmLTgwNmItZTQ3OTgzZGY3ZmFi","descriptor":"aad.MWZmZGVmMmMtOGIxYi03ZDhmLTgwNmItZTQ3OTgzZGY3ZmFi"},"id":579},{"rank":1,"isAutomated":false,"isNotificationOn":false,"approver":{"displayName":"Thi Minh Thu Nguyen","url":"https://spsprodweu1.vssps.visualstudio.com/Aaee7b508-0493-43f7-b33f-d4a3dd6e9684/_apis/Identities/a8ff9a10-df9e-42ff-8231-b60819c2bacb","_links":{"avatar":{"href":"https://apps-munichre.visualstudio.com/_apis/GraphProfile/MemberAvatars/aad.M2Y1MTQ4ZWQtYWQ1NC03ZmRmLWEzZjMtY2MwMTJkNmM3MTY0"}},"id":"a8ff9a10-df9e-42ff-8231-b60819c2bacb","uniqueName":"tnguyen@munichre.com","imageUrl":"https://apps-munichre.visualstudio.com/_apis/GraphProfile/MemberAvatars/aad.M2Y1MTQ4ZWQtYWQ1NC03ZmRmLWEzZjMtY2MwMTJkNmM3MTY0","descriptor":"aad.M2Y1MTQ4ZWQtYWQ1NC03ZmRmLWEzZjMtY2MwMTJkNmM3MTY0"},"id":1041}],"approvalOptions":{"requiredApproverCount":1,"releaseCreatorCanBeApprover":true,"autoTriggeredAndPreviousEnvironmentApprovedCanBeSkipped":false,"enforceIdentityRevalidation":false,"timeoutInMinutes":0,"executionOrder":1}},"deployStep":{"id":583},"postDeployApprovals":{"approvals":[{"rank":1,"isAutomated":true,"isNotificationOn":false,"id":586}],"approvalOptions":{"requiredApproverCount":0,"releaseCreatorCanBeApprover":false,"autoTriggeredAndPreviousEnvironmentApprovedCanBeSkipped":false,"enforceIdentityRevalidation":false,"timeoutInMinutes":0,"executionOrder":2}},"deployPhases":[{"deploymentInput":{"parallelExecution":{"parallelExecutionType":0},"agentSpecification":null,"skipArtifactsDownload":false,"artifactsDownloadInput":{"downloadInputs":[]},"queueId":2385,"demands":[],"enableAccessToken":false,"timeoutInMinutes":240,"jobCancelTimeoutInMinutes":1,"condition":"succeeded()","overrideInputs":{}},"rank":1,"phaseType":1,"name":"Agent phase","refName":null,"workflowTasks":[{"environment":{},"taskId":"4edcfcaa-a002-4595-82b9-20c316a61555","version":"1.*","name":"Task group: DI_IRM_ARA_Devops_Migration","refName":"","enabled":true,"alwaysRun":true,"continueOnError":true,"timeoutInMinutes":0,"retryCountOnTaskFailure":0,"definitionType":"metaTask","overrideInputs":{},"condition":"succeededOrFailed()","inputs":{"DEV_DB_PASSWORD":"$(DEV_DB_PASSWORD)","DEV_PASSWORD":"$(DEV_PASSWORD)","DEV_USER":"$(DEV_USER)","DIIRM_WORKINGPATH":"$(DIIRM_WORKINGPATH)","INT_DB_PASSWORD":"$(INT_DB_PASSWORD)","INT_PASSWORD":"$(INT_PASSWORD)","INT_USER":"$(INT_USER)","MASTER_KEY":"$(MASTER_KEY)","PROD_DB_PASSWORD":"$(PROD_DB_PASSWORD)","PROD_PASSWORD":"$(PROD_PASSWORD)","PROD_USER":"$(PROD_USER)","TEST_DB_PASSWORD":"$(TEST_DB_PASSWORD)","TEST_PASSWORD":"$(TEST_PASSWORD)","TEST_USER":"$(TEST_USER)"}}]}],"environmentOptions":{"emailNotificationType":"OnlyOnFailure","emailRecipients":"release.environment.owner;release.creator","skipArtifactsDownload":false,"timeoutInMinutes":0,"enableAccessToken":false,"publishDeploymentStatus":true,"badgeEnabled":false,"autoLinkWorkItems":false,"pullRequestDeploymentEnabled":false},"demands":[],"conditions":[],"executionPolicy":{"concurrencyCount":1,"queueDepthCount":0},"schedules":[],"currentRelease":{"id":8125,"url":"https://apps-munichre.vsrm.visualstudio.com/c9c6c034-1e3d-4e1c-85a2-92f55a6b2950/_apis/Release/releases/8125","_links":{}},"retentionPolicy":{"daysToKeep":30,"releasesToKeep":3,"retainBuild":true},"processParameters":{},"properties":{"LinkBoardsWorkItems":{"$type":"System.String","$value":"False"}},"preDeploymentGates":{"id":0,"gatesOptions":null,"gates":[]},"postDeploymentGates":{"id":0,"gatesOptions":null,"gates":[]},"environmentTriggers":[],"badgeUrl":"https://apps-munichre.vsrm.visualstudio.com/_apis/public/Release/badge/c9c6c034-1e3d-4e1c-85a2-92f55a6b2950/24/89"},{"id":134,"name":"PROD","rank":4,"owner":{"displayName":"Uday Kumar Bandaru","url":"https://spsprodweu1.vssps.visualstudio.com/Aaee7b508-0493-43f7-b33f-d4a3dd6e9684/_apis/Identities/8449dacf-7eeb-677a-9046-35e94d190c5f","_links":{"avatar":{"href":"https://apps-munichre.visualstudio.com/_apis/GraphProfile/MemberAvatars/aad.ODQ0OWRhY2YtN2VlYi03NzdhLTkwNDYtMzVlOTRkMTkwYzVm"}},"id":"8449dacf-7eeb-677a-9046-35e94d190c5f","uniqueName":"UBandaru@MunichRe.com","imageUrl":"https://apps-munichre.visualstudio.com/_apis/GraphProfile/MemberAvatars/aad.ODQ0OWRhY2YtN2VlYi03NzdhLTkwNDYtMzVlOTRkMTkwYzVm","descriptor":"aad.ODQ0OWRhY2YtN2VlYi03NzdhLTkwNDYtMzVlOTRkMTkwYzVm"},"variables":{},"variableGroups":[],"preDeployApprovals":{"approvals":[{"rank":1,"isAutomated":false,"isNotificationOn":false,"approver":{"displayName":"Gerald Stüdl","url":"https://spsprodweu1.vssps.visualstudio.com/Aaee7b508-0493-43f7-b33f-d4a3dd6e9684/_apis/Identities/8c3af83a-889d-4c84-bccf-2fd3616e57d3","_links":{"avatar":{"href":"https://apps-munichre.visualstudio.com/_apis/GraphProfile/MemberAvatars/aad.MzFmODczODctOTc3Zi03M2M0LThkN2YtNjYwZDU2MDgxYzBh"}},"id":"8c3af83a-889d-4c84-bccf-2fd3616e57d3","uniqueName":"GStuedl@munichre.com","imageUrl":"https://apps-munichre.visualstudio.com/_apis/GraphProfile/MemberAvatars/aad.MzFmODczODctOTc3Zi03M2M0LThkN2YtNjYwZDU2MDgxYzBh","descriptor":"aad.MzFmODczODctOTc3Zi03M2M0LThkN2YtNjYwZDU2MDgxYzBh"},"id":848},{"rank":1,"isAutomated":false,"isNotificationOn":false,"approver":{"displayName":"Wolfertstetter Stefan - Munich-MR","url":"https://spsprodweu1.vssps.visualstudio.com/Aaee7b508-0493-43f7-b33f-d4a3dd6e9684/_apis/Identities/eac4848a-44ab-4804-b709-82da45bca97a","_links":{"avatar":{"href":"https://apps-munichre.visualstudio.com/_apis/GraphProfile/MemberAvatars/aad.MWZmZGVmMmMtOGIxYi03ZDhmLTgwNmItZTQ3OTgzZGY3ZmFi"}},"id":"eac4848a-44ab-4804-b709-82da45bca97a","uniqueName":"SWolfertstetter@munichre.com","imageUrl":"https://apps-munichre.visualstudio.com/_apis/GraphProfile/MemberAvatars/aad.MWZmZGVmMmMtOGIxYi03ZDhmLTgwNmItZTQ3OTgzZGY3ZmFi","descriptor":"aad.MWZmZGVmMmMtOGIxYi03ZDhmLTgwNmItZTQ3OTgzZGY3ZmFi"},"id":849},{"rank":1,"isAutomated":false,"isNotificationOn":false,"approver":{"displayName":"Thi Minh Thu Nguyen","url":"https://spsprodweu1.vssps.visualstudio.com/Aaee7b508-0493-43f7-b33f-d4a3dd6e9684/_apis/Identities/a8ff9a10-df9e-42ff-8231-b60819c2bacb","_links":{"avatar":{"href":"https://apps-munichre.visualstudio.com/_apis/GraphProfile/MemberAvatars/aad.M2Y1MTQ4ZWQtYWQ1NC03ZmRmLWEzZjMtY2MwMTJkNmM3MTY0"}},"id":"a8ff9a10-df9e-42ff-8231-b60819c2bacb","uniqueName":"tnguyen@munichre.com","imageUrl":"https://apps-munichre.visualstudio.com/_apis/GraphProfile/MemberAvatars/aad.M2Y1MTQ4ZWQtYWQ1NC03ZmRmLWEzZjMtY2MwMTJkNmM3MTY0","descriptor":"aad.M2Y1MTQ4ZWQtYWQ1NC03ZmRmLWEzZjMtY2MwMTJkNmM3MTY0"},"id":1042}],"approvalOptions":{"requiredApproverCount":1,"releaseCreatorCanBeApprover":true,"autoTriggeredAndPreviousEnvironmentApprovedCanBeSkipped":false,"enforceIdentityRevalidation":false,"timeoutInMinutes":0,"executionOrder":1}},"deployStep":{"id":851},"postDeployApprovals":{"approvals":[{"rank":1,"isAutomated":true,"isNotificationOn":false,"id":852}],"approvalOptions":{"requiredApproverCount":0,"releaseCreatorCanBeApprover":false,"autoTriggeredAndPreviousEnvironmentApprovedCanBeSkipped":false,"enforceIdentityRevalidation":false,"timeoutInMinutes":0,"executionOrder":2}},"deployPhases":[{"deploymentInput":{"parallelExecution":{"parallelExecutionType":0},"agentSpecification":null,"skipArtifactsDownload":false,"artifactsDownloadInput":{"downloadInputs":[]},"queueId":2385,"demands":[],"enableAccessToken":false,"timeoutInMinutes":0,"jobCancelTimeoutInMinutes":1,"condition":"succeeded()","overrideInputs":{}},"rank":1,"phaseType":1,"name":"Agent phase","refName":null,"workflowTasks":[{"environment":{},"taskId":"4edcfcaa-a002-4595-82b9-20c316a61555","version":"1.*","name":"Task group: DI_IRM_ARA_Devops_Migration","refName":"","enabled":true,"alwaysRun":true,"continueOnError":true,"timeoutInMinutes":0,"retryCountOnTaskFailure":0,"definitionType":"metaTask","overrideInputs":{},"condition":"succeededOrFailed()","inputs":{"DEV_DB_PASSWORD":"$(DEV_DB_PASSWORD)","DEV_PASSWORD":"$(DEV_PASSWORD)","DEV_USER":"$(DEV_USER)","DIIRM_WORKINGPATH":"$(DIIRM_WORKINGPATH)","INT_DB_PASSWORD":"$(INT_DB_PASSWORD)","INT_PASSWORD":"$(INT_PASSWORD)","INT_USER":"$(INT_USER)","MASTER_KEY":"$(MASTER_KEY)","PROD_DB_PASSWORD":"$(PROD_DB_PASSWORD)","PROD_PASSWORD":"$(PROD_PASSWORD)","PROD_USER":"$(PROD_USER)","TEST_DB_PASSWORD":"$(TEST_DB_PASSWORD)","TEST_PASSWORD":"$(TEST_PASSWORD)","TEST_USER":"$(TEST_USER)"}}]}],"environmentOptions":{"emailNotificationType":"OnlyOnFailure","emailRecipients":"release.environment.owner;release.creator","skipArtifactsDownload":false,"timeoutInMinutes":0,"enableAccessToken":false,"publishDeploymentStatus":true,"badgeEnabled":false,"autoLinkWorkItems":false,"pullRequestDeploymentEnabled":false},"demands":[],"conditions":[],"executionPolicy":{"concurrencyCount":1,"queueDepthCount":0},"schedules":[],"currentRelease":{"id":8125,"url":"https://apps-munichre.vsrm.visualstudio.com/c9c6c034-1e3d-4e1c-85a2-92f55a6b2950/_apis/Release/releases/8125","_links":{}},"retentionPolicy":{"daysToKeep":30,"releasesToKeep":3,"retainBuild":true},"processParameters":{},"properties":{"LinkBoardsWorkItems":{"$type":"System.String","$value":"False"},"BoardsEnvironmentType":{"$type":"System.String","$value":"unmapped"}},"preDeploymentGates":{"id":0,"gatesOptions":null,"gates":[]},"postDeploymentGates":{"id":0,"gatesOptions":null,"gates":[]},"environmentTriggers":[],"badgeUrl":"https://apps-munichre.vsrm.visualstudio.com/_apis/public/Release/badge/c9c6c034-1e3d-4e1c-85a2-92f55a6b2950/24/134"}],"artifacts":[{"sourceId":"c9c6c034-1e3d-4e1c-85a2-92f55a6b2950:4647","type":"Build","alias":"DI_IRM_CreditRisk-Devops","definitionReference":{"artifactSourceDefinitionUrl":{"id":"https://apps-munichre.visualstudio.com/_permalink/_build/index?collectionId=3a3c2e63-e677-45e2-85b4-ea79de6c4e61&projectId=c9c6c034-1e3d-4e1c-85a2-92f55a6b2950&definitionId=4647","name":""},"defaultVersionBranch":{"id":"","name":""},"defaultVersionSpecific":{"id":"","name":""},"defaultVersionTags":{"id":"","name":""},"defaultVersionType":{"id":"latestType","name":"Latest"},"definition":{"id":"4647","name":"DI_IRM_CreditRisk-Devops"},"definitions":{"id":"","name":""},"IsMultiDefinitionType":{"id":"False","name":"False"},"project":{"id":"c9c6c034-1e3d-4e1c-85a2-92f55a6b2950","name":"DI_IRM"},"repository":{"id":"","name":""}},"isPrimary":true,"isRetained":false}],"triggers":[{"artifactAlias":"DI_IRM_CreditRisk-Devops","triggerConditions":[],"triggerType":1}],"releaseNameFormat":"$(Build.DefinitionName)-$(rev:r)","tags":[],"properties":{"DefinitionCreationSource":{"$type":"System.String","$value":"ReleaseClone"},"IntegrateJiraWorkItems":{"$type":"System.String","$value":"false"},"IntegrateBoardsWorkItems":{"$type":"System.String","$value":"False"}},"id":24,"name":"DI_IRM_CreditRisk-DevOps","path":"\\DevOps","projectReference":null,"url":"https://apps-munichre.vsrm.visualstudio.com/c9c6c034-1e3d-4e1c-85a2-92f55a6b2950/_apis/Release/definitions/24","_links":{"self":{"href":"https://apps-munichre.vsrm.visualstudio.com/c9c6c034-1e3d-4e1c-85a2-92f55a6b2950/_apis/Release/definitions/24"},"web":{"href":"https://apps-munichre.visualstudio.com/c9c6c034-1e3d-4e1c-85a2-92f55a6b2950/_release?definitionId=24"}}}