{"tasks":[{"environment":{},"displayName":"Chocolatey install","alwaysRun":false,"continueOnError":false,"condition":"succeeded()","enabled":true,"timeoutInMinutes":0,"retryCountOnTaskFailure":0,"inputs":{"script":"choco install ssis-vs2019\nrefreshenv","workingDirectory":"","failOnStderr":"false"},"task":{"id":"d9bafed4-0b18-4f58-968d-86655b4d2ce9","versionSpec":"2.*","definitionType":"task"}},{"environment":{},"displayName":"NuGet restore DI_IRM_Deployment","alwaysRun":false,"continueOnError":false,"condition":"succeeded()","enabled":true,"timeoutInMinutes":0,"retryCountOnTaskFailure":0,"inputs":{"command":"restore","solution":"$(Build.SourcesDirectory)\\DI_IRM_Deployment\\DI_IRM_Deployment.sln","selectOrConfig":"select","feedRestore":"","includeNuGetOrg":"true","nugetConfigPath":"","externalEndpoints":"","noCache":"false","disableParallelProcessing":"false","packagesDirectory":"","verbosityRestore":"Detailed","searchPatternPush":"$(Build.ArtifactStagingDirectory)/**/*.nupkg;!$(Build.ArtifactStagingDirectory)/**/*.symbols.nupkg","nuGetFeedType":"internal","feedPublish":"","publishPackageMetadata":"true","allowPackageConflicts":"false","externalEndpoint":"","verbosityPush":"Detailed","searchPatternPack":"**/*.csproj","configurationToPack":"$(BuildConfiguration)","outputDir":"$(Build.ArtifactStagingDirectory)","versioningScheme":"off","includeReferencedProjects":"false","versionEnvVar":"","requestedMajorVersion":"1","requestedMinorVersion":"0","requestedPatchVersion":"0","packTimezone":"utc","includeSymbols":"false","toolPackage":"false","buildProperties":"","basePath":"","verbosityPack":"Detailed","arguments":""},"task":{"id":"333b11bd-d341-40d9-afcf-b32d5ce6f23b","versionSpec":"2.*","definitionType":"task"}},{"environment":{},"displayName":"Build DI_IRM_Deployment (MSB)","alwaysRun":false,"continueOnError":false,"condition":"succeeded()","enabled":true,"timeoutInMinutes":0,"retryCountOnTaskFailure":0,"inputs":{"solution":"$(Build.SourcesDirectory)\\DI_IRM_Deployment\\DI_IRM_Deployment.sln","msbuildLocationMethod":"version","msbuildVersion":"latest","msbuildArchitecture":"x86","msbuildLocation":"","platform":"","configuration":"Release","msbuildArguments":"","clean":"false","maximumCpuCount":"false","restoreNugetPackages":"false","logProjectEvents":"false","createLogFile":"false","logFileVerbosity":"normal"},"task":{"id":"c6c4c611-aa2e-4a33-b606-5eaba2196824","versionSpec":"1.*","definitionType":"task"}},{"environment":{},"displayName":"Build DI_IRM_Deployment (VS)","alwaysRun":false,"continueOnError":false,"condition":"succeeded()","enabled":false,"timeoutInMinutes":0,"retryCountOnTaskFailure":0,"inputs":{"solution":"$(Build.SourcesDirectory)\\DI_IRM_Deployment\\DI_IRM_Deployment.sln","project":"","buildCfg":"","buildPlatform":"","vsVersion":"latest","deploy":"false","clean":"false"},"task":{"id":"ea543240-b4a8-11e5-8761-bb4cd4a06cfc","versionSpec":"2.*","definitionType":"task"}},{"environment":{},"displayName":"NuGet restore DI_IRM_General","alwaysRun":false,"continueOnError":false,"condition":"succeeded()","enabled":true,"timeoutInMinutes":0,"retryCountOnTaskFailure":0,"inputs":{"command":"restore","solution":"$(Build.SourcesDirectory)\\DI_IRM_General\\DI_IRM_General.sln","selectOrConfig":"select","feedRestore":"","includeNuGetOrg":"true","nugetConfigPath":"","externalEndpoints":"","noCache":"false","disableParallelProcessing":"false","packagesDirectory":"","verbosityRestore":"Detailed","searchPatternPush":"$(Build.ArtifactStagingDirectory)/**/*.nupkg;!$(Build.ArtifactStagingDirectory)/**/*.symbols.nupkg","nuGetFeedType":"internal","feedPublish":"","publishPackageMetadata":"true","allowPackageConflicts":"false","externalEndpoint":"","verbosityPush":"Detailed","searchPatternPack":"**/*.csproj","configurationToPack":"$(BuildConfiguration)","outputDir":"$(Build.ArtifactStagingDirectory)","versioningScheme":"off","includeReferencedProjects":"false","versionEnvVar":"","requestedMajorVersion":"1","requestedMinorVersion":"0","requestedPatchVersion":"0","packTimezone":"utc","includeSymbols":"false","toolPackage":"false","buildProperties":"","basePath":"","verbosityPack":"Detailed","arguments":""},"task":{"id":"333b11bd-d341-40d9-afcf-b32d5ce6f23b","versionSpec":"2.*","definitionType":"task"}},{"environment":{},"displayName":"Build DI_IRM_General (MSB)","alwaysRun":false,"continueOnError":false,"condition":"succeeded()","enabled":true,"timeoutInMinutes":0,"retryCountOnTaskFailure":0,"inputs":{"solution":"$(Build.SourcesDirectory)\\DI_IRM_General\\DI_IRM_General.sln","msbuildLocationMethod":"version","msbuildVersion":"latest","msbuildArchitecture":"x86","msbuildLocation":"","platform":"","configuration":"Release","msbuildArguments":"","clean":"false","maximumCpuCount":"false","restoreNugetPackages":"false","logProjectEvents":"false","createLogFile":"false","logFileVerbosity":"normal"},"task":{"id":"c6c4c611-aa2e-4a33-b606-5eaba2196824","versionSpec":"1.*","definitionType":"task"}},{"environment":{},"displayName":"Build DI_IRM_General (VS)","alwaysRun":false,"continueOnError":false,"condition":"succeeded()","enabled":false,"timeoutInMinutes":0,"retryCountOnTaskFailure":0,"inputs":{"solution":"$(Build.SourcesDirectory)\\DI_IRM_General\\DI_IRM_General.sln","project":"","buildCfg":"","buildPlatform":"","vsVersion":"latest","deploy":"false","clean":"false"},"task":{"id":"ea543240-b4a8-11e5-8761-bb4cd4a06cfc","versionSpec":"2.*","definitionType":"task"}},{"environment":{},"displayName":"Build: DI_IRM","alwaysRun":false,"continueOnError":false,"condition":"succeeded()","enabled":true,"timeoutInMinutes":0,"retryCountOnTaskFailure":0,"inputs":{"targetType":"filePath","filePath":"$(Build.SourcesDirectory)/DI_IRM_Deployment/BuildHelper/build.ps1","arguments":"-VCSolutionPath '$/$(SolutionName)/$(SolutionName).sln' -VCDeploymentPath '$/DI_IRM_Deployment/DI_IRM_Deployment.sln' -VCGeneralPath '$/DI_IRM_General/DI_IRM_General.sln' -SourceDirectoryPath $(Build.SourcesDirectory) -StagingDirectoryPath $(Build.ArtifactStagingDirectory) -Verbose","script":"# Write your powershell commands here.\n\nWrite-Host \"Hello World\"\n\n# Use the environment variables input below to pass secret variables to this script.","errorActionPreference":"stop","failOnStderr":"false","ignoreLASTEXITCODE":"false","pwsh":"false","workingDirectory":""},"task":{"id":"e213ff0f-5d5c-4791-802d-52ea3e7be1f1","versionSpec":"2.*","definitionType":"task"}},{"environment":{},"displayName":"Publish Artifact: DI_IRM","alwaysRun":false,"continueOnError":false,"condition":"succeeded()","enabled":true,"timeoutInMinutes":0,"retryCountOnTaskFailure":0,"inputs":{"PathtoPublish":"$(Build.ArtifactStagingDirectory)/DI_IRM","ArtifactName":"DI_IRM","ArtifactType":"Container","TargetPath":"","Parallel":"false","ParallelCount":"8","FileCopyOptions":""},"task":{"id":"2ff763a7-ce83-4e1f-bc89-0ae63477cebe","versionSpec":"1.*","definitionType":"task"}}],"runsOn":["Agent","DeploymentGroup"],"revision":16,"createdBy":{"displayName":"Steffen Kampmann","id":"837f9b6e-2495-664f-b70a-6fd7fd421178","uniqueName":"SKampmann@munichre.com"},"createdOn":"2019-03-20T07:18:24.327Z","modifiedBy":{"displayName":"Steffen Kampmann","id":"837f9b6e-2495-664f-b70a-6fd7fd421178","uniqueName":"SKampmann@munichre.com"},"modifiedOn":"2020-06-23T06:42:47.733Z","comment":"","id":"14b1cecb-831e-414e-b142-7c5e69cb7d8e","name":"DI_IRM_Build","version":{"major":1,"minor":0,"patch":0,"isTest":false},"iconUrl":"https://cdn.vsassets.io/v/M148_20190315.2/_content/icon-meta-task.png","friendlyName":"DI_IRM_Build","description":"","category":"Build","definitionType":"metaTask","author":"Steffen Kampmann","demands":[],"groups":[],"inputs":[{"aliases":[],"options":{},"properties":{},"name":"SolutionName","label":"SolutionName","defaultValue":"","required":true,"type":"string","helpMarkDown":"","groupName":""}],"satisfies":[],"sourceDefinitions":[],"dataSourceBindings":[],"instanceNameFormat":"Task group: DI_IRM_Build $(SolutionName)","preJobExecution":{},"execution":{},"postJobExecution":{}}