{"tasks":[{"environment":{},"displayName":"Download Build Artifacts","alwaysRun":false,"continueOnError":false,"condition":"succeeded()","enabled":true,"timeoutInMinutes":0,"retryCountOnTaskFailure":0,"inputs":{"buildType":"current","project":"","definition":"","specificBuildWithTriggering":"false","buildVersionToDownload":"latest","allowPartiallySucceededBuilds":"false","branchName":"refs/heads/master","buildId":"","tags":"","downloadType":"single","artifactName":"DI_IRM","itemPattern":"**","downloadPath":"$(System.ArtifactsDirectory)","parallelizationLimit":"8"},"task":{"id":"a433f589-fce1-4460-9ee6-44a624aeb1fb","versionSpec":"0.*","definitionType":"task"}},{"environment":{},"displayName":"Copy Files to: \\\\fxx0004\\bdl\\DI_IRM","alwaysRun":false,"continueOnError":false,"condition":"succeeded()","enabled":true,"timeoutInMinutes":0,"retryCountOnTaskFailure":0,"inputs":{"SourceFolder":"$(System.ArtifactsDirectory)\\DI_IRM","Contents":"**/*.zip\n**/ARA.xml\n**/PreDeploymentScripts/**","TargetFolder":"\\\\fxx0004\\bdl\\DI_IRM\\$(Build.DefinitionName)\\$(Build.BuildNumber)","CleanTargetFolder":"false","OverWrite":"false","flattenFolders":"false"},"task":{"id":"5bfb729a-a7c8-4a78-a7c3-8d717bb7c13c","versionSpec":"2.*","definitionType":"task"}}],"runsOn":["Agent","DeploymentGroup"],"revision":6,"createdBy":{"displayName":"Steffen Kampmann","id":"837f9b6e-2495-664f-b70a-6fd7fd421178","uniqueName":"SKampmann@munichre.com"},"createdOn":"2019-03-20T07:40:11.300Z","modifiedBy":{"displayName":"Steffen Kampmann","id":"837f9b6e-2495-664f-b70a-6fd7fd421178","uniqueName":"SKampmann@munichre.com"},"modifiedOn":"2019-03-21T07:38:16.607Z","comment":"","id":"46a36b4a-3682-4f19-bd30-6ca5fb165de5","name":"DI_IRM_Handover","version":{"major":1,"minor":0,"patch":0,"isTest":false},"iconUrl":"https://cdn.vsassets.io/v/M148_20190315.2/_content/icon-meta-task.png","friendlyName":"DI_IRM_Handover","description":"","category":"Build","definitionType":"metaTask","author":"Steffen Kampmann","demands":[],"groups":[],"inputs":[],"satisfies":[],"sourceDefinitions":[],"dataSourceBindings":[],"instanceNameFormat":"Task group: DI_IRM_Handover ","preJobExecution":{},"execution":{},"postJobExecution":{}}