Key,Development,Test,Integration,Production
ARA_Name,DEV,TEST,INT,PROD
Hostname_ETL_Server,sqldevdiirm.cloud.munichre.com,sqltstediirm.cloud.munichre.com,sqlintediirm.cloud.munichre.com,sqlprdediirm.cloud.munichre.com
Hostname_Report_Server,sqldevdiirm.cloud.munichre.com,sqltstdiirm.cloud.munichre.com,sqlintdiirm.cloud.munichre.com,sqlprddiirm.cloud.munichre.com
Hostname_RE_Server,sqldevdiirm.cloud.munichre.com,wintstrdiirm.munichre.com,winintrdiirm.munichre.com,winprdrdiirm.munichre.com
Hostname_Raw_ETL_Server,wn6eue2s.cloud.munichre.com,w6yivy23.cloud.munichre.com,wz5i6xby.cloud.munichre.com,wmx3u8t0.cloud.munichre.com
Hostname_Raw_Report_Server,wn6eue2s.cloud.munichre.com,wwl4vcr7.cloud.munichre.com,w5cobjj5.cloud.munichre.com,wqr7f9bq.cloud.munichre.com
Hostname_Raw_RE_Server,wn6eue2s.cloud.munichre.com,wirqpi1b.munichre.com,wyub79rq.munichre.com,w8q91e6f.munichre.com;wfgrwm5b.munichre.com;weg64jb9.munichre.com
User_Service,MUNICH\SER-MUC-D-DI-IRM-ADM,MUNICH\SER-MUC-T-DI-IRM-ADM,MUNICH\SER-INT-DI-IRM-ADMIN,MUNICH\SER-MUC-DI-IRM-ADMIN
User_Deployment,DEV\SER-DEV-ARA-DEPLOYER,DEV\SER-DEV-ARA-DEPLOYER,MUNICH\SER-INT-ARA-DEPLOYER,MUNICH\SER-MUC-ARA-DEPLOYER
User_Sharepoint,ser-muc-d-di-irm-adm@munichre.com,ser-muc-t-di-irm-adm@munichre.com,ser-int-di-irm-admin@munichre.com,ser-muc-di-irm-admin@munichre.com
Folder_Fileshare,DEV,TST,INT,PRD
AD_Group_DI_IRM_Admin,DEV\FUN-DEV-APP-DI-IRM-ADMIN,DEV\FUN-DEV-APP-DI-IRM-ADMIN,MUNICH\FUN-INT-APP-DI-IRM-ADMIN,MUNICH\FUN-MUC-APP-DI-IRM-ADMIN
AD_Group_SqlAdmin,MUNICH\ADM-MUC-SQLADMINS,MUNICH\ADM-MUC-SQLADMINS,MUNICH\ADM-MUC-SQLADMINS,MUNICH\ADM-MUC-SQLADMINS
